{
  "demo_solver.py": 1775933598.591217,
  "demo_validator.py": 1773983324.2448273,
  "find_hardest_workspace.py": 1781505179.8039868,
  "run_tests.py": 1781492764.317757,
  "scripts\\graphify\\build_graph.py": 1776634228.877145,
  "scripts\\graphify\\list_communities.py": 1776633180.234299,
  "scripts\\graphify\\precommit_hook.py": 1776633422.0748427,
  "src\\bfs.py": 1781503863.3980725,
  "src\\canonical.py": 1781497146.3032928,
  "src\\directories.py": 1773983324.2149043,
  "src\\frontier.py": 1781497674.3863554,
  "src\\grid.py": 1773992014.1066113,
  "src\\lru.py": 1781499406.1223762,
  "src\\memory.py": 1781503789.1207657,
  "src\\path_resolver.py": 1775939357.479211,
  "src\\robot.py": 1773983324.100385,
  "src\\simplify.py": 1781493365.4144542,
  "src\\solver.py": 1781503382.7659805,
  "src\\state.py": 1775939367.1491592,
  "src\\test_case.py": 1777950256.5059826,
  "src\\validator.py": 1773983324.215906,
  "src\\visualizer.py": 1781500925.4308467,
  "src\\workspace.py": 1781497693.5648263,
  "src\\__init__.py": 1773451893.0441349,
  "testcases\\1x1_robot_no_holes.py": 1773983324.2338567,
  "testcases\\2x2_robot_holes.py": 1773988598.0800729,
  "testcases\\2x2_robot_no_holes.py": 1773983324.2358515,
  "testcases\\3x3_robot_holes.py": 1773983324.2169015,
  "testcases\\3x3_robot_no_holes.py": 1773983324.2398405,
  "testcases\\4x4_robot_holes.py": 1773983324.217904,
  "testcases\\4x4_robot_no_holes.py": 1773983324.217904,
  "testcases\\5x5_robot_no_holes.py": 1773983324.2198937,
  "README.md": 1781499805.1391816,
  "requirements.txt": 1781499786.1615689,
  "graphify-out\\graph.html": 1781569803.0743113,
  "graphify-out\\GRAPH_REPORT.md": 1781569802.9947615,
  "scripts\\graphify\\README.md": 1776634154.8320968
}